Source File	Size	loadResources	load-configure	scan	loadDepInfo	loadInfo	load	generateSnapshots	checkR4R4B	generateNarratives	validate	loadLists	checkConformanceResources	checkConformanceResources2	checkConformanceResources3	generateLogicalMaps	validateExpressions	scanForUsageStats	checkURLsUnique	processProvenanceDetails	generate1	generate2	responsesForQuestionnaire	generateLogicals	makeDependencies	generateExampleZip	generateValidationPack	scanProfilesForR5	scanExamplesForR5
/fsh-generated/resources/ImplementationGuide-hl7.fhir.us.bfdr.json	147914	-	0	0	0	0	0	0	28	481	0	0	0	0	0	0	0	2	0	0	730	2621	0	0	0	1	61	0	19
fsh-generated/resources/Bundle-bundle-coded-cause-of-fetal-death-not-named.json	5022	17	1	0	0	1	29	0	2	51	0	0	0	0	0	0	0	1	0	0	37	83	0	0	1	0	0	0	0
fsh-generated/resources/Bundle-bundle-coded-race-and-ethnicity-baby-g-quinn.json	27981	47	1	0	0	0	29	0	6	303	0	0	0	0	0	0	0	0	0	0	185	127	0	0	0	0	0	0	2
fsh-generated/resources/Bundle-bundle-jurisdiction-fetal-death-not-named.json	73760	110	1	0	0	0	99	0	10	3466	0	0	0	0	0	0	0	1	0	0	399	1191	0	0	0	0	0	1	7
fsh-generated/resources/Bundle-bundle-jurisdiction-live-birth-babyg-quinn.json	122989	264	2	0	0	0	103	0	7	284	0	0	0	0	0	0	0	0	0	0	612	1664	0	0	0	0	0	0	5
fsh-generated/resources/Bundle-bundle-provider-fetal-death-not-named.json	84715	149	0	0	0	0	85	0	16	507	0	0	0	0	0	0	0	1	0	0	421	1197	0	0	0	0	0	0	4
fsh-generated/resources/Bundle-bundle-provider-live-birth-babyg-quinn.json	139505	277	2	0	0	0	128	0	21	636	0	0	0	0	0	0	0	1	0	0	753	1430	0	0	0	0	1	0	6
fsh-generated/resources/CapabilityStatement-CapabilityStatement-bfdr.json	2172	5	0	0	1	0	0	0	2	363	0	0	0	0	0	0	0	0	0	0	42	137	0	0	0	0	2	0	0
fsh-generated/resources/CodeSystem-CodeSystem-edit-flags.json	1071	4	0	0	0	0	0	0	2	54	0	0	1	0	0	0	0	0	0	0	17	52505	0	0	0	0	1	0	1
fsh-generated/resources/CodeSystem-CodeSystem-local-bfdr-codes.json	2555	6	0	0	0	0	0	0	1	22	0	0	0	0	0	0	0	0	0	0	31	1246	0	0	0	1	1	0	0
fsh-generated/resources/Composition-composition-coded-cause-of-fetal-death-not-named.json	1193	5	1	0	0	0	0	0	0	10	0	0	0	0	0	0	0	0	0	0	17	107	0	0	0	0	0	0	0
fsh-generated/resources/Composition-composition-coded-race-and-ethnicity-baby-g-quinn.json	1790	5	0	0	0	0	0	0	0	4	0	0	0	0	0	0	0	0	0	0	17	100	0	0	0	0	0	0	0
fsh-generated/resources/Composition-composition-jurisdiction-fetal-death-not-named.json	5227	11	0	0	0	0	0	0	0	30	0	0	0	0	0	0	0	0	0	0	39	352	0	0	0	0	0	0	0
fsh-generated/resources/Composition-composition-jurisdiction-live-birth-babyg-quinn.json	7871	14	0	0	0	0	0	0	1	49	0	0	0	0	0	0	0	0	0	0	41	528	0	0	0	0	0	0	1
fsh-generated/resources/Composition-composition-provider-fetal-death-not-named.json	5634	12	1	0	0	0	0	0	0	13	0	0	0	0	0	0	0	0	0	0	33	1012	0	0	0	0	0	0	0
fsh-generated/resources/Composition-composition-provider-live-birth-babyg-quinn.json	8117	15	0	0	0	0	0	0	1	11	0	0	0	0	0	0	0	0	0	0	42	446	0	0	0	0	1	0	0
fsh-generated/resources/ConceptMap-BirthAndFetalDeathFinancialClassCM.json	3569	7	0	0	0	0	0	0	1	35	0	0	0	0	0	0	0	0	0	0	43	114	0	0	1	0	2	0	1
fsh-generated/resources/ConceptMap-BirthAttendantTitlesCM.json	2986	7	0	0	0	0	0	0	0	29	0	0	0	0	0	0	0	0	0	0	32	65	0	0	0	0	4	0	0
fsh-generated/resources/ConceptMap-BirthDeliveryOccurredCM.json	3827	9	0	0	0	0	0	0	0	32	0	0	0	0	0	0	0	0	0	0	37	79	0	0	0	0	2	0	0
fsh-generated/resources/ConceptMap-BirthWeightEditFlagsCM.json	2413	6	0	0	0	0	0	0	1	23	0	0	0	0	0	0	0	0	0	0	27	84	0	0	0	1	4	0	1
fsh-generated/resources/ConceptMap-DeliveryRoutesCM.json	2325	7	1	0	0	0	0	0	0	17	0	0	0	0	0	0	0	0	0	0	24	110	0	0	0	0	2	0	0
fsh-generated/resources/ConceptMap-EstimateOfGestationEditFlagsCM.json	2114	6	0	0	0	0	0	0	0	17	0	0	0	0	0	0	0	0	0	0	28	70	0	0	0	0	0	0	0
fsh-generated/resources/ConceptMap-FetalDeathCauseOrConditionCM.json	6061	11	0	0	0	0	0	0	0	213	0	0	0	0	0	0	0	0	0	0	55	79	0	0	0	0	3	0	1
fsh-generated/resources/ConceptMap-FetalDeathTimePointsCM.json	2622	7	0	0	0	0	0	0	1	14	0	0	0	0	0	0	0	0	0	0	30	88	0	0	0	0	1	0	0
fsh-generated/resources/ConceptMap-FetalPresentationCM.json	2460	6	0	0	0	0	0	0	0	12	0	0	0	0	0	0	0	0	0	0	26	74	0	0	0	0	1	0	0
fsh-generated/resources/ConceptMap-HistologicalPlacentalExaminationCM.json	2074	6	1	0	0	0	0	0	0	14	0	0	0	0	0	0	0	0	0	0	24	48	0	0	0	0	1	0	1
fsh-generated/resources/ConceptMap-InfectionsDuringPregnancyLiveBirthCM.json	2727	6	0	0	0	0	0	0	0	14	0	0	0	0	0	0	0	0	0	0	32	68	0	0	0	0	2	0	0
fsh-generated/resources/ConceptMap-NewbornCongenitalAnomaliesCM.json	5170	9	0	0	0	0	0	0	1	26	0	0	0	0	0	0	0	0	0	0	40	145	0	0	0	0	3	0	0
fsh-generated/resources/ConceptMap-NumberPreviousCesareansEditFlagsCM.json	2122	6	0	0	0	0	0	0	0	9	0	0	0	0	0	0	0	0	0	0	28	55	0	0	0	1	1	0	1
fsh-generated/resources/ConceptMap-PregnancyReportEditFlagsCM.json	2180	6	0	0	0	0	0	0	0	9	0	0	0	0	0	0	0	0	0	0	53	57	0	0	0	0	1	0	0
fsh-generated/resources/Condition-condition-chorioamnionitis-jada-ann-quinn.json	1058	5	1	0	0	0	0	0	0	7	0	0	0	0	0	0	0	0	0	0	18	94	0	0	0	0	0	0	0
fsh-generated/resources/Condition-condition-congenital-anomaly-of-newborn-babyg-quinn-2.json	1615	4	0	0	0	0	0	0	0	7	0	0	0	0	0	0	0	0	0	0	18	49	0	0	0	0	0	0	1
fsh-generated/resources/Condition-condition-congenital-anomaly-of-newborn-babyg-quinn.json	1274	5	0	0	0	0	0	0	0	7	0	0	0	0	0	0	0	0	0	0	17	47	0	0	0	0	0	0	0
fsh-generated/resources/Condition-condition-eclampsia-hypertension-jada-ann-quinn.json	1201	4	0	0	0	0	0	0	1	9	0	0	0	0	0	0	0	0	0	0	18	40	0	0	0	0	0	0	1
fsh-generated/resources/Condition-condition-fetal-death-cause-or-condition-not-named.json	1096	4	0	0	0	0	0	0	0	6	0	0	0	0	0	0	0	0	0	0	18	33	0	0	0	0	0	0	0
fsh-generated/resources/Condition-condition-fetal-death-other-significant-cause-not-named.json	1103	4	1	0	0	0	0	0	0	5	0	0	0	0	0	0	0	0	0	0	18	35	0	0	0	0	0	0	0
fsh-generated/resources/Condition-condition-gestational-diabetes-carmen-teresa-lee.json	1177	4	0	0	0	0	0	0	0	9	0	0	0	0	0	0	0	0	0	0	17	51	0	0	0	0	1	0	0
fsh-generated/resources/Condition-condition-gestational-diabetes-jada-ann-quinn.json	1168	5	0	0	0	0	0	0	0	8	0	0	0	0	0	0	0	0	0	0	17	57	0	0	0	1	0	0	0
fsh-generated/resources/Condition-condition-gestational-hypertension-jada-ann-quinn.json	1145	4	0	0	0	0	0	0	0	7	0	0	0	0	0	0	0	0	0	0	19	57	0	0	0	0	0	0	0
fsh-generated/resources/Condition-condition-infection-present-during-pregnancy-jada-ann-quinn.json	1188	5	0	0	0	0	0	0	0	5	0	0	0	0	0	0	0	0	0	0	19	60	0	0	0	0	0	0	0
fsh-generated/resources/Condition-condition-perineal-laceration-jada-ann-quinn.json	1188	4	1	0	0	0	0	0	0	6	0	0	0	0	0	0	0	0	0	0	20	72	0	0	0	0	0	0	0
fsh-generated/resources/Condition-condition-prepregnancy-diabetes-jada-ann-quinn.json	1146	4	0	0	0	0	0	0	0	9	0	0	0	0	0	0	0	0	0	0	17	44	0	0	0	0	0	0	1
fsh-generated/resources/Condition-condition-prepregnancy-hypertension-carmen-teresa-lee.json	1209	4	0	0	0	0	0	0	1	5	0	0	0	0	0	0	0	0	0	0	18	49	0	0	0	0	0	0	0
fsh-generated/resources/Condition-condition-prepregnancy-hypertension-jada-ann-quinn.json	1127	5	0	0	0	0	0	0	0	6	0	0	0	0	0	0	0	1	0	0	16	57	0	0	0	0	0	0	0
fsh-generated/resources/Condition-condition-ruptured-uterus-jada-ann-quinn.json	1143	4	1	0	0	0	0	0	0	4	0	0	0	0	0	0	0	0	0	0	16	39	0	0	0	0	0	0	0
fsh-generated/resources/Condition-condition-seizure-babyg-quinn.json	1076	4	0	0	0	0	0	0	0	6	1	0	0	0	0	0	0	0	0	0	15	41	0	0	0	0	0	0	0
fsh-generated/resources/Coverage-coverage-principal-payer-for-delivery-jada-ann-quinn.json	811	3	0	0	0	0	0	0	0	31	0	0	0	0	0	0	0	0	0	0	15	48	0	0	0	0	0	0	0
fsh-generated/resources/Encounter-encounter-birth-babyg-quinn.json	3217	8	1	0	0	0	0	0	0	26	0	0	0	0	0	0	0	0	0	0	28	92	0	0	0	0	0	0	1
fsh-generated/resources/Encounter-encounter-maternity-carmen-teresa-lee.json	2313	5	0	0	0	0	0	0	0	19	0	0	0	0	0	0	0	0	0	0	25	53	0	0	0	0	0	0	0
fsh-generated/resources/Encounter-encounter-maternity-jada-ann-quinn.json	2800	7	1	0	0	0	0	0	0	20	0	0	0	0	0	0	0	0	0	0	30	88	0	0	0	0	1	0	0
fsh-generated/resources/Location-location-east-hospital.json	662	4	2	0	0	0	0	0	0	2	0	0	0	0	0	0	0	0	0	0	13	22	0	0	0	1	0	0	0
fsh-generated/resources/Location-location-north-hospital.json	668	3	0	0	0	0	0	0	0	1	0	0	0	0	0	0	0	0	0	0	16	23	0	0	0	0	1	0	0
fsh-generated/resources/Location-location-south-hospital.json	1355	5	0	0	0	0	0	0	0	7	0	0	0	0	0	0	0	0	0	0	36	48	0	0	0	0	0	0	0
fsh-generated/resources/Observation-observation-antibiotics-during-labor-jada-ann-quinn.json	1188	5	1	0	0	0	0	0	0	12	0	0	0	0	0	0	0	0	0	0	19	56	0	0	0	0	1	0	0
fsh-generated/resources/Observation-observation-apgar-score-babyg-quinn-1-min.json	883	4	1	0	0	0	0	0	0	9	0	0	0	0	0	0	0	0	0	0	16	39	0	0	0	0	0	0	0
fsh-generated/resources/Observation-observation-apgar-score-babyg-quinn-5-min.json	883	5	0	0	0	0	0	0	1	9	0	0	0	0	0	0	0	0	0	0	18	50	0	0	0	0	0	0	0
fsh-generated/resources/Observation-observation-autopsy-histological-exam-results-used-not-named.json	986	3	2	0	0	0	0	0	0	11	0	0	0	0	0	0	0	0	0	0	18	46	0	0	0	0	0	0	0
fsh-generated/resources/Observation-observation-autopsy-performed-not-named.json	892	4	0	0	0	0	0	0	0	10	0	0	0	0	0	0	0	0	0	0	16	57	0	0	0	0	0	0	0
fsh-generated/resources/Observation-observation-birth-weight-babyg-quinn-w-edit.json	1346	5	0	0	0	0	0	0	0	11	0	0	0	0	0	0	0	0	0	0	19	58	0	0	0	0	1	0	1
fsh-generated/resources/Observation-observation-birth-weight-babyg-quinn.json	932	4	1	0	0	0	0	0	0	14	0	0	0	0	0	0	0	0	0	0	14	44	0	0	0	0	0	0	0
fsh-generated/resources/Observation-observation-birth-weight-not-named-w-edit.json	1348	4	1	0	0	0	0	0	0	11	0	0	0	0	0	0	0	0	0	0	16	41	0	0	0	0	0	0	0
fsh-generated/resources/Observation-observation-birth-weight-not-named.json	924	5	0	0	0	0	0	0	0	11	0	0	0	0	0	0	0	0	0	0	14	42	0	0	0	0	0	0	0
fsh-generated/resources/Observation-observation-cig-smoking-pregnancy-1-carmen-teresa-lee.json	1074	3	0	0	0	0	0	0	0	15	0	0	0	0	0	0	0	0	0	0	15	48	0	0	0	0	1	0	0
fsh-generated/resources/Observation-observation-cig-smoking-pregnancy-1-jada-ann-quinn.json	1025	4	0	0	0	0	0	0	0	14	0	0	0	0	0	0	0	0	0	0	13	50	0	0	0	1	0	0	0
fsh-generated/resources/Observation-observation-cig-smoking-pregnancy-2-carmen-teresa-lee.json	974	4	0	0	0	0	0	0	0	14	0	0	0	0	0	0	0	0	0	0	15	51	0	0	0	0	1	0	0
fsh-generated/resources/Observation-observation-cig-smoking-pregnancy-2-jada-ann-quinn.json	924	4	1	0	0	0	0	0	0	15	0	0	0	0	0	0	0	0	0	0	14	48	0	0	0	0	0	0	1
fsh-generated/resources/Observation-observation-cig-smoking-pregnancy-3-carmen-teresa-lee.json	974	5	0	0	0	0	0	0	0	12	0	0	0	0	0	0	0	0	0	0	13	49	0	0	0	0	0	0	0
fsh-generated/resources/Observation-observation-cig-smoking-pregnancy-3-jada-ann-quinn.json	924	4	0	0	0	0	0	0	1	12	0	0	0	0	0	0	0	0	0	0	14	43	0	0	0	0	0	0	0
fsh-generated/resources/Observation-observation-cig-smoking-pregnancy-4-carmen-teresa-lee.json	1072	4	0	0	0	0	0	0	0	11	0	0	0	0	0	0	0	0	0	0	16	33	0	0	1	0	0	0	0
fsh-generated/resources/Observation-observation-cig-smoking-pregnancy-4-jada-ann-quinn.json	1022	4	1	0	0	0	0	0	0	16	0	0	0	0	0	0	0	0	0	0	15	42	0	0	0	0	0	0	0
fsh-generated/resources/Observation-observation-coded-initiating-fetal-death-cause-or-condition.json	786	4	0	0	0	0	0	0	0	2	0	0	0	0	0	0	0	0	0	0	12	25	0	0	0	0	0	0	0
fsh-generated/resources/Observation-observation-coded-other-fetal-death-cause-or-condition-not-named.json	1080	4	0	0	0	0	0	0	0	2	0	0	0	0	0	0	0	0	0	0	16	24	0	0	0	0	0	0	0
fsh-generated/resources/Observation-observation-coded-race-and-ethnicity-father.json	2991	7	0	0	0	0	0	0	0	4	0	0	0	0	0	0	0	0	0	0	29	35	0	0	0	0	0	0	0
fsh-generated/resources/Observation-observation-coded-race-and-ethnicity-mother.json	2991	6	0	0	0	0	0	0	0	3	0	0	0	0	0	0	0	0	0	0	30	36	0	0	0	0	0	0	0
fsh-generated/resources/Observation-observation-date-of-first-prenatal-care-visit-carmen-teresa-lee.json	860	4	1	0	0	0	0	0	0	14	0	0	0	0	0	0	0	0	0	0	14	49	0	0	0	0	0	0	0
fsh-generated/resources/Observation-observation-date-of-first-prenatal-care-visit-jada-ann-quinn.json	813	4	0	0	0	0	0	0	0	12	0	0	0	0	0	0	0	0	0	0	14	46	0	0	0	1	0	0	1
fsh-generated/resources/Observation-observation-date-of-last-live-birth-carmen-teresa-lee.json	767	4	0	0	0	0	0	0	0	9	0	0	0	0	0	0	0	0	0	0	15	72	0	0	0	0	0	0	0
fsh-generated/resources/Observation-observation-date-of-last-live-birth-jada-ann-quinn.json	758	3	0	0	0	0	0	0	0	9	0	0	0	0	0	0	0	0	0	0	12	46	0	0	0	0	1	0	0
fsh-generated/resources/Observation-observation-date-of-last-other-pregnancy-outcome-jada-ann-quinn.json	807	3	0	0	0	0	0	0	1	8	0	0	0	0	0	0	0	0	0	0	13	48	0	0	0	0	0	0	0
fsh-generated/resources/Observation-observation-fetal-death-time-point-not-named.json	874	4	0	0	0	0	0	0	0	8	0	0	0	0	0	0	0	0	0	0	15	41	0	0	0	0	0	0	0
fsh-generated/resources/Observation-observation-fetal-presentation-babyg-quinn.json	816	4	0	0	0	0	0	0	0	8	0	0	0	0	0	0	0	0	0	0	14	111	0	0	0	0	0	0	1
fsh-generated/resources/Observation-observation-fetal-presentation-not-named.json	833	3	0	0	0	0	0	0	0	9	0	0	0	0	0	0	0	0	0	0	13	148	0	0	0	0	0	0	0
fsh-generated/resources/Observation-observation-gestational-age-at-delivery-babyg-quinn-prem-d.json	780	4	1	0	0	0	0	0	0	10	0	0	0	0	0	0	0	0	0	0	12	72	0	0	0	0	0	0	0
fsh-generated/resources/Observation-observation-gestational-age-at-delivery-babyg-quinn-prem-w.json	783	4	0	0	0	0	0	0	0	7	0	0	0	0	0	0	0	0	0	0	12	57	0	0	0	0	0	0	0
fsh-generated/resources/Observation-observation-gestational-age-at-delivery-babyg-quinn-w-edit.json	1187	4	0	0	0	0	0	0	0	9	0	0	0	0	0	0	0	0	0	0	13	37	0	0	0	0	0	0	0
fsh-generated/resources/Observation-observation-gestational-age-at-delivery-babyg-quinn.json	773	4	0	0	0	0	0	0	0	6	0	0	0	0	0	0	0	0	0	0	16	36	0	0	0	0	0	0	0
fsh-generated/resources/Observation-observation-gestational-age-at-delivery-not-named-w-edit.json	1223	4	1	0	0	0	0	0	0	9	0	0	0	0	0	0	0	0	0	0	13	36	0	0	0	0	0	0	0
fsh-generated/resources/Observation-observation-gestational-age-at-delivery-not-named.json	809	3	0	0	0	0	0	0	0	8	0	0	0	0	0	0	0	0	0	0	14	32	0	0	0	0	0	0	0
fsh-generated/resources/Observation-observation-histological-placental-exam-performed-not-named.json	853	5	0	0	0	0	0	0	0	6	0	0	0	0	0	0	0	0	0	0	24	35	0	0	0	0	0	0	0
fsh-generated/resources/Observation-observation-icu-admission-jada-ann-quinn.json	871	5	0	0	0	0	0	0	0	8	0	0	0	0	0	0	0	0	0	0	21	41	0	0	0	0	0	0	0
fsh-generated/resources/Observation-observation-infant-breastfed-at-discharge-babyg-quinn.json	650	4	0	0	0	0	0	0	0	8	0	0	0	0	0	0	0	0	0	0	15	35	0	0	0	0	0	0	0
fsh-generated/resources/Observation-observation-infant-living-babyg-quinn.json	712	4	0	0	0	0	0	0	0	15	0	0	0	0	0	0	0	0	0	0	17	25	0	0	0	0	0	0	0
fsh-generated/resources/Observation-observation-input-race-and-ethnicity-carmen-teresa-lee.json	6827	20	1	0	0	0	0	0	1	15	0	0	0	0	0	0	0	0	0	0	61	51	0	0	0	0	0	0	1
fsh-generated/resources/Observation-observation-input-race-and-ethnicity-father.json	6742	23	0	0	0	0	0	0	1	12	0	0	0	0	0	0	0	0	0	0	58	63	0	0	0	0	0	0	0
fsh-generated/resources/Observation-observation-input-race-and-ethnicity-jada-ann-quinn.json	6256	16	0	0	0	0	0	0	0	16	0	0	0	0	0	0	0	0	0	0	53	46	0	0	0	0	0	0	0
fsh-generated/resources/Observation-observation-input-race-and-ethnicity-james-quinn-w-edit.json	6916	23	0	0	0	0	0	0	1	19	0	0	0	0	0	0	0	0	0	0	53	59	0	0	0	0	0	0	0
fsh-generated/resources/Observation-observation-input-race-and-ethnicity-james-quinn.json	6902	19	0	0	0	0	0	0	0	19	0	0	0	0	0	0	0	0	0	0	62	70	0	0	0	1	0	0	0
fsh-generated/resources/Observation-observation-input-race-and-ethnicity-mother.json	6742	20	0	0	0	0	0	0	0	12	0	0	0	0	0	0	0	0	0	0	57	83	0	0	0	0	0	0	1
fsh-generated/resources/Observation-observation-labor-trial-attempted-babyg-quinn.json	883	4	1	0	0	0	0	0	0	41	0	0	0	0	0	0	0	0	0	0	14	50	0	0	0	0	0	0	0
fsh-generated/resources/Observation-observation-last-menstrual-period-carmen-teresa-lee.json	783	5	0	0	0	0	0	0	1	11	0	0	0	0	0	0	0	0	0	0	14	88	0	0	0	0	0	0	0
fsh-generated/resources/Observation-observation-last-menstrual-period-jada-ann-quinn.json	774	5	0	0	0	0	0	0	0	9	0	0	0	0	0	0	0	0	0	0	12	46	0	0	0	0	1	0	0
fsh-generated/resources/Observation-observation-method-of-disposition-not-named.json	1018	6	0	0	0	0	0	0	0	8	0	0	0	0	0	0	0	0	0	0	14	48	0	0	0	0	0	0	0
fsh-generated/resources/Observation-observation-mother-delivery-weight-jada-ann-quinn-w-edit.json	1455	10	0	0	0	0	0	0	0	9	0	0	0	0	0	0	0	0	0	0	16	39	0	0	0	0	0	0	0
fsh-generated/resources/Observation-observation-mother-delivery-weight-jada-ann-quinn.json	1036	8	1	0	0	0	0	0	0	6	0	0	0	0	0	0	0	1	0	0	14	36	0	0	0	0	0	0	0
fsh-generated/resources/Observation-observation-mother-height-carmen-teresa-lee-w-edit.json	1357	10	0	0	0	0	0	0	0	195	0	0	0	0	0	0	0	0	0	0	16	32	0	0	0	0	0	0	0
fsh-generated/resources/Observation-observation-mother-height-carmen-teresa-lee.json	938	4	0	0	0	0	0	0	0	8	0	0	0	0	0	0	0	0	0	0	31	31	0	0	0	0	0	0	0
fsh-generated/resources/Observation-observation-mother-height-jada-ann-quinn-w-edit.json	1345	5	4	0	0	0	0	0	0	7	0	0	0	0	0	0	0	0	0	0	16	35	0	0	0	0	0	0	0
fsh-generated/resources/Observation-observation-mother-height-jada-ann-quinn.json	926	5	1	0	0	0	0	0	0	8	0	0	0	0	0	0	0	0	0	0	15	38	0	0	0	0	0	0	0
fsh-generated/resources/Observation-observation-mother-married-during-pregnancy-jada-ann-quinn.json	853	5	1	0	0	0	0	0	1	7	0	0	0	0	0	0	0	0	0	0	21	44	0	0	0	0	0	0	0
fsh-generated/resources/Observation-observation-mother-prepregnancy-weight-carmen-teresa-lee-w-edit.json	1473	6	1	0	0	0	0	0	0	8	0	0	0	0	0	0	0	0	0	0	18	52	0	0	0	0	0	0	0
fsh-generated/resources/Observation-observation-mother-prepregnancy-weight-carmen-teresa-lee.json	1054	5	0	0	0	0	0	0	0	7	0	0	0	0	0	0	0	0	0	0	15	45	0	0	0	0	0	0	0
fsh-generated/resources/Observation-observation-mother-prepregnancy-weight-jada-ann-quinn-w-edit.json	1464	6	1	0	0	0	0	0	0	7	0	0	0	0	0	0	0	0	0	0	17	45	0	0	0	0	0	0	1
fsh-generated/resources/Observation-observation-mother-prepregnancy-weight-jada-ann-quinn.json	1045	5	0	0	0	0	0	0	0	7	0	0	0	0	0	0	0	0	0	0	14	276	0	0	0	0	0	1	0
fsh-generated/resources/Observation-observation-mother-received-wic-food-carmen-teresa-lee.json	981	6	1	0	0	0	0	0	0	9	0	0	0	0	0	0	0	0	0	0	15	28	0	0	0	1	0	0	0
fsh-generated/resources/Observation-observation-mother-received-wic-food-jada-ann-quinn.json	946	5	1	0	0	0	0	0	0	9	0	0	0	0	0	0	0	0	0	0	19	28	0	0	0	0	0	0	0
fsh-generated/resources/Observation-observation-nicu-admission-babyg-quinn.json	739	4	1	1	0	0	0	0	0	8	0	0	0	0	0	0	0	0	0	0	18	30	0	0	0	0	0	0	0
fsh-generated/resources/Observation-observation-no-infections-present-jada-ann-quinn.json	916	6	0	0	0	0	0	0	0	9	0	0	0	0	0	0	0	0	0	0	18	52	0	0	0	0	0	0	0
fsh-generated/resources/Observation-observation-none-abnormal-conditions-babyg-quinn.json	874	4	1	0	0	0	0	0	1	7	0	0	0	0	0	0	0	0	0	0	14	54	0	0	0	0	0	0	0
fsh-generated/resources/Observation-observation-none-chars-labor-delivery-jada-ann-quinn.json	1103	5	0	0	0	0	0	0	0	8	0	0	0	0	0	0	0	0	0	0	17	58	0	0	0	0	0	0	0
fsh-generated/resources/Observation-observation-none-congenital-anomolies-babyg-quinn.json	795	4	0	0	0	0	0	0	0	8	0	0	0	0	0	0	0	0	0	0	14	32	0	0	0	0	1	0	0
fsh-generated/resources/Observation-observation-none-maternal-morbidities-jada-ann-quinn.json	861	5	0	0	0	0	0	0	0	6	0	0	0	0	0	0	0	0	0	0	15	33	0	0	0	0	0	0	0
fsh-generated/resources/Observation-observation-none-obstetric-procedures-jada-ann-quinn.json	920	5	1	0	0	0	0	0	0	9	0	0	0	0	0	0	0	0	0	0	16	32	0	0	0	0	0	0	0
fsh-generated/resources/Observation-observation-none-specified-risk-factors-jada-ann-quinn.json	1148	6	0	0	0	0	0	0	0	9	0	0	0	0	0	0	0	0	0	0	272	37	0	0	0	0	0	0	0
fsh-generated/resources/Observation-observation-number-births-now-dead-carmen-teresa-lee.json	772	4	0	0	0	0	0	0	0	6	0	0	0	0	0	0	0	0	0	0	13	28	0	0	0	0	0	0	0
fsh-generated/resources/Observation-observation-number-births-now-dead-jada-ann-quinn.json	763	4	0	0	0	0	0	0	0	7	0	0	0	0	0	0	0	0	0	0	13	24	0	0	0	0	0	0	0
fsh-generated/resources/Observation-observation-number-births-now-living-carmen-teresa-lee.json	760	3	1	0	0	0	0	0	0	6	0	0	0	0	0	0	0	0	0	0	23	25	0	0	0	0	0	0	0
fsh-generated/resources/Observation-observation-number-births-now-living-jada-ann-quinn.json	751	4	0	0	0	0	0	0	0	6	0	0	0	0	0	0	0	0	0	0	17	23	0	0	0	1	0	0	0
fsh-generated/resources/Observation-observation-number-deaths-this-delivery-carmen-teresa-lee.json	945	5	0	0	0	0	0	0	0	9	0	0	0	0	0	0	0	0	0	0	15	28	0	0	0	0	0	0	0
fsh-generated/resources/Observation-observation-number-live-births-this-delivery-carmen-teresa-lee.json	691	4	0	0	0	0	0	0	0	6	0	0	0	0	0	0	0	0	0	0	13	18	0	1	0	0	0	0	1
fsh-generated/resources/Observation-observation-number-live-births-this-delivery-jada-ann-quinn.json	872	4	0	0	0	0	0	0	0	7	0	0	0	0	0	0	0	0	0	0	14	23	0	0	0	0	0	0	0
fsh-generated/resources/Observation-observation-number-other-pregnancy-outcomes-jada-ann-quinn.json	771	4	1	0	0	0	0	0	1	7	0	0	0	0	0	0	0	0	0	0	12	34	0	0	0	0	0	0	0
fsh-generated/resources/Observation-observation-number-prenatal-visits-jada-ann-quinn-w-edit.json	1334	5	0	0	0	0	0	0	0	9	0	0	0	0	0	0	0	0	0	0	14	34	0	0	0	0	0	0	0
fsh-generated/resources/Observation-observation-number-prenatal-visits-jada-ann-quinn.json	890	5	1	0	0	0	0	0	0	8	0	0	0	0	0	0	0	0	0	0	12	35	0	0	0	0	0	0	0
fsh-generated/resources/Observation-observation-number-previous-cesareans-carmen-teresa-lee-w-edit.json	1220	5	0	0	0	0	0	0	0	7	0	0	0	0	0	0	0	0	0	0	13	61	0	0	0	0	0	0	0
fsh-generated/resources/Observation-observation-number-previous-cesareans-carmen-teresa-lee.json	776	4	0	0	0	0	0	0	0	7	0	0	0	0	0	0	0	0	0	0	12	53	0	0	0	0	1	0	0
fsh-generated/resources/Observation-observation-number-previous-cesareans-jada-ann-quinn-w-edit.json	1211	5	1	0	0	0	0	0	0	8	0	0	0	0	1	0	0	0	0	0	14	34	0	0	0	0	0	0	0
fsh-generated/resources/Observation-observation-number-previous-cesareans-jada-ann-quinn.json	767	6	1	0	0	0	0	0	0	8	0	0	0	0	0	0	0	0	0	0	12	25	0	0	0	0	0	0	0
fsh-generated/resources/Observation-observation-parent-education-level-carmen-teresa-lee-w-edit.json	1560	9	1	0	0	0	0	0	0	11	0	0	0	0	0	0	0	0	0	0	15	29	0	0	0	1	0	0	0
fsh-generated/resources/Observation-observation-parent-education-level-carmen-teresa-lee.json	1141	5	1	0	0	0	0	0	0	9	0	0	0	0	0	0	0	0	0	0	18	29	0	0	0	0	0	0	0
fsh-generated/resources/Observation-observation-parent-education-level-jada-ann-quinn-w-edit.json	1425	4	0	0	0	0	0	0	0	8	0	0	0	0	0	0	0	0	0	0	20	28	0	0	0	0	0	0	0
fsh-generated/resources/Observation-observation-parent-education-level-jada-ann-quinn.json	1006	5	1	0	0	0	0	0	0	8	0	0	0	0	0	0	0	0	0	0	16	32	0	0	0	0	0	0	0
fsh-generated/resources/Observation-observation-parent-education-level-james-quinn-w-edit.json	1454	5	1	0	0	0	0	0	0	9	0	0	0	0	0	0	0	0	0	0	15	39	0	0	0	0	0	0	0
fsh-generated/resources/Observation-observation-parent-education-level-james-quinn.json	1028	5	0	0	0	0	0	0	0	7	0	0	0	0	0	0	0	0	0	0	14	37	0	0	0	0	0	0	1
fsh-generated/resources/Observation-observation-parent-education-level-tom-yan-lee-w-edit.json	1460	5	1	0	0	0	0	0	0	8	0	0	0	0	0	0	0	0	0	0	16	32	0	0	0	0	0	0	0
fsh-generated/resources/Observation-observation-parent-education-level-tom-yan-lee.json	1041	5	0	0	0	0	0	0	1	7	0	0	0	0	0	0	0	0	0	0	15	31	0	0	0	0	0	0	0
fsh-generated/resources/Observation-observation-paternity-acknowledgement-signed-james-quinn-w-edit.json	1014	11	1	0	0	0	0	0	0	8	0	0	0	0	0	0	0	0	0	0	16	26	0	0	0	0	0	0	0
fsh-generated/resources/Observation-observation-paternity-acknowledgement-signed-james-quinn.json	1000	7	1	0	0	0	0	0	0	8	0	0	0	0	0	0	0	0	0	0	14	30	0	0	0	0	0	0	0
fsh-generated/resources/Observation-observation-planned-to-deliver-at-home-babyg-quinn.json	814	4	1	0	0	0	0	0	0	27	0	0	0	0	0	0	0	0	0	0	14	33	0	0	0	0	0	0	0
fsh-generated/resources/Observation-observation-planned-to-deliver-at-home-not-named.json	819	4	1	0	0	0	0	0	0	14	0	0	0	0	0	0	0	0	0	0	12	29	0	0	0	0	0	0	0
fsh-generated/resources/Observation-observation-plurality-carmen-teresa-lee.json	520	4	0	0	0	0	0	0	0	6	0	0	0	0	0	0	0	0	0	0	11	37	0	0	0	1	0	0	0
fsh-generated/resources/Observation-observation-previous-cesarean-jada-ann-quinn.json	1093	5	1	0	0	0	0	0	0	8	0	0	0	0	0	0	0	0	0	0	15	44	0	0	0	0	0	0	0
fsh-generated/resources/Observation-observation-previous-preterm-births-jada-ann-quinn.json	1044	4	0	0	0	0	0	0	0	9	0	0	0	0	0	0	0	0	0	0	20	36	0	0	0	0	1	0	0
fsh-generated/resources/Observation-observation-ssn-requested-for-child-babyg-quinn.json	767	6	0	0	0	0	0	0	0	11	0	0	0	0	0	0	0	0	0	0	21	40	0	0	0	0	0	0	0
fsh-generated/resources/Observation-observation-steroids-fetal-lung-maturation-jada-ann-quinn.json	1056	4	1	0	0	0	0	0	0	10	0	0	0	0	0	0	0	0	0	0	16	41	0	0	0	0	0	0	0
fsh-generated/resources/Observation-observation-unknown-route-method-delivery-jada-ann-quinn.json	928	5	0	0	0	0	0	0	0	8	0	0	0	0	0	0	0	0	0	0	14	49	0	0	0	0	0	0	0
fsh-generated/resources/Observation-observation-usual-work-carmen-teresa-lee.json	1217	5	1	0	0	0	0	0	0	8	0	0	0	0	0	0	0	0	0	0	17	37	0	0	0	0	0	0	0
fsh-generated/resources/Observation-observation-usual-work-jada-ann-quinn.json	1176	6	0	0	0	0	0	0	0	7	0	0	0	0	0	0	0	0	0	0	17	20	0	0	0	0	0	0	0
fsh-generated/resources/Observation-observation-usual-work-james-brandon-quinn.json	1185	6	1	0	0	0	0	0	0	6	0	0	0	0	0	0	0	0	0	0	16	21	0	0	0	0	0	0	0
fsh-generated/resources/Observation-observation-usual-work-tom-yan-lee.json	1242	5	0	0	0	0	0	0	0	9	0	0	0	0	0	0	0	0	0	0	18	25	0	0	0	0	0	0	0
fsh-generated/resources/Organization-organization-jurisdictional-vital-records-office.json	164	3	0	0	0	0	0	0	0	2	0	0	0	0	0	0	0	0	0	0	9	11	0	0	1	0	0	0	0
fsh-generated/resources/Organization-organization-nchs.json	142	3	1	0	0	0	0	0	0	1	0	0	0	0	0	0	0	0	0	0	8	11	0	0	0	0	0	0	1
fsh-generated/resources/Organization-organization-south-hospital.json	792	6	1	0	0	0	0	0	0	3	0	0	0	0	0	0	0	0	0	0	13	13	0	0	0	0	0	0	0
fsh-generated/resources/Parameters-expansion-parameters.json	317	3	0	0	0	0	0	0	0	0	0	0	0	0	0	0	0	0	0	0	12	22	0	0	0	0	0	0	0
fsh-generated/resources/Patient-patient-child-babyg-quinn-w-edit.json	4015	13	1	0	0	0	0	0	0	10	0	0	0	0	0	0	0	0	0	0	36	31	0	0	0	0	0	0	0
fsh-generated/resources/Patient-patient-child-babyg-quinn.json	3540	9	1	0	0	0	0	0	0	4	0	0	0	0	0	0	0	0	0	0	29	27	0	0	0	1	0	0	1
fsh-generated/resources/Patient-patient-decedent-fetus-not-named-w-edit.json	3256	7	0	0	0	0	0	0	1	2	0	0	0	0	0	0	0	0	0	0	24	24	0	0	0	0	0	0	0
fsh-generated/resources/Patient-patient-decedent-fetus-not-named.json	2781	9	1	0	0	0	0	0	0	3	0	0	0	0	0	0	0	0	0	0	22	19	0	0	0	0	0	0	0
fsh-generated/resources/Patient-patient-mother-birth-date-part-absent.json	2574	9	1	0	0	0	0	0	0	3	0	0	0	0	0	0	0	0	0	0	26	22	0	0	0	0	0	0	0
fsh-generated/resources/Patient-patient-mother-carmen-teresa-lee-w-edit.json	3171	11	0	0	0	0	0	0	1	7	0	0	0	0	0	0	0	0	0	0	28	31	0	0	0	0	0	0	0
fsh-generated/resources/Patient-patient-mother-carmen-teresa-lee.json	2730	9	1	0	0	0	0	0	0	8	0	0	0	0	0	0	0	0	0	0	44	35	0	0	0	0	0	0	0
fsh-generated/resources/Patient-patient-mother-jada-ann-quinn-w-edit.json	3802	12	0	0	0	0	0	0	0	5	0	0	0	0	0	0	0	0	0	0	56	25	0	0	0	0	0	0	0
fsh-generated/resources/Patient-patient-mother-jada-ann-quinn.json	3361	10	0	0	0	0	0	0	0	5	0	0	0	0	0	0	0	0	0	0	33	59	0	0	0	0	1	0	1
fsh-generated/resources/Practitioner-practitioner-vital-records-avery-jones.json	1210	5	1	0	0	0	0	0	0	3	0	0	0	0	0	0	0	0	0	0	21	22	0	0	0	0	0	0	0
fsh-generated/resources/Practitioner-practitioner-vital-records-janet-seito.json	1039	6	0	0	0	0	0	0	0	2	0	0	0	0	0	0	0	0	0	0	16	16	1	0	0	0	0	0	0
fsh-generated/resources/Practitioner-practitioner-vital-records-jessica-leung.json	705	4	1	0	0	0	0	0	0	2	0	0	0	0	0	0	0	0	0	0	18	20	0	0	0	0	0	0	0
fsh-generated/resources/Procedure-procedure-antibiotic-sepsis-babyg-quinn.json	802	4	0	0	0	0	0	0	0	6	0	0	0	0	0	0	0	0	0	0	17	31	0	0	0	0	0	0	0
fsh-generated/resources/Procedure-procedure-artificial-insemination-jada-ann-quinn.json	863	4	1	0	0	0	0	0	0	7	0	0	0	0	0	0	0	0	0	0	14	30	0	0	0	0	0	0	0
fsh-generated/resources/Procedure-procedure-assisted-fertilization-jada-ann-quinn.json	791	5	1	0	0	0	0	0	0	6	0	0	0	0	0	0	0	0	0	0	14	26	0	0	0	0	0	0	0
fsh-generated/resources/Procedure-procedure-augmentation-of-labor-quinn.json	780	6	0	0	0	0	0	0	0	7	0	0	0	0	0	0	0	0	0	0	13	27	0	0	0	0	0	0	0
fsh-generated/resources/Procedure-procedure-blood-transfusion-jada-ann-quinn.json	844	5	0	0	0	0	0	0	0	6	0	0	0	0	0	0	0	0	0	0	13	22	0	0	0	0	0	0	0
fsh-generated/resources/Procedure-procedure-epidural-or-spinal-anesthesia-jada-ann-quinn.json	802	4	1	0	0	0	0	0	0	5	0	0	0	0	0	0	0	0	0	0	13	24	0	0	0	0	0	0	0
fsh-generated/resources/Procedure-procedure-final-route-method-delivery-babyg-quinn.json	980	5	1	0	0	0	0	0	0	8	0	0	0	0	0	0	0	1	0	0	13	32	0	0	0	1	0	0	0
fsh-generated/resources/Procedure-procedure-final-route-method-delivery-not-named.json	850	5	0	0	0	0	0	0	0	5	0	0	0	0	0	0	0	0	0	0	13	25	0	0	0	0	0	0	1
fsh-generated/resources/Procedure-procedure-induction-of-labor-jada-ann-quinn.json	780	5	1	0	0	0	0	0	1	6	0	0	0	0	0	0	0	0	0	0	16	35	0	0	0	0	0	0	0
fsh-generated/resources/Procedure-procedure-infertility-treatment-jada-ann-quinn.json	806	4	0	0	0	0	0	0	0	6	0	0	0	0	0	0	0	0	0	0	18	23	0	0	0	0	0	0	0
fsh-generated/resources/Procedure-procedure-obstetric-procedure-jada-ann-quinn.json	1048	4	1	0	0	0	0	0	0	4	0	0	0	0	0	0	0	0	0	0	21	23	0	0	0	0	0	0	0
fsh-generated/resources/Procedure-procedure-surfactant-replacement-babyg-quinn.json	785	4	1	0	0	0	0	0	0	5	0	0	0	0	0	0	0	0	0	0	13	30	0	0	0	0	0	0	0
fsh-generated/resources/Procedure-procedure-unplanned-hysterectomy-quinn.json	792	4	0	0	0	0	0	0	0	5	0	0	0	0	0	0	0	0	0	0	12	27	0	0	0	0	0	0	0
fsh-generated/resources/Procedure-procedure-ventilation-following-babyg-quinn.json	869	5	0	0	0	0	0	0	0	6	0	0	0	0	0	0	0	0	0	0	13	26	0	0	0	0	0	0	0
fsh-generated/resources/Procedure-procedure-ventilation-more-6-hours-babyg-quinn.json	861	4	1	0	0	0	0	0	0	6	0	0	0	0	0	0	0	0	0	0	14	24	0	0	0	0	1	0	0
fsh-generated/resources/Questionnaire-Questionnaire-mothers-live-birth.json	34107	53	0	0	0	0	0	0	1	289	0	0	0	0	0	0	0	0	0	0	639	360	0	0	1	0	48	0	4
fsh-generated/resources/Questionnaire-Questionnaire-patients-fetal-death.json	21625	33	0	0	0	0	0	0	1	112	0	0	0	0	0	0	0	0	0	0	445	104	0	0	0	0	64	0	2
fsh-generated/resources/QuestionnaireResponse-QuestionnaireResponse-mothers-live-birth-jada-quinn.json	17128	22	0	0	0	0	0	0	1	48	0	0	0	0	0	0	0	1	0	0	394	424	1	0	1	0	0	0	1
fsh-generated/resources/QuestionnaireResponse-QuestionnaireResponse-patients-fetal-death-carmen-lee.json	10216	16	1	0	0	0	0	0	0	38	0	0	0	0	0	0	0	0	0	0	225	94	0	0	0	0	0	0	1
fsh-generated/resources/RelatedPerson-relatedperson-father-natural-james-brandon-quinn-w-edit.json	1713	5	0	0	0	0	0	0	0	13	0	0	0	0	0	0	0	0	0	0	24	40	0	0	0	1	0	0	0
fsh-generated/resources/RelatedPerson-relatedperson-father-natural-james-brandon-quinn.json	1260	6	1	0	0	0	0	0	1	8	0	0	0	0	0	0	0	0	0	0	22	24	0	0	0	0	0	0	0
fsh-generated/resources/RelatedPerson-relatedperson-father-natural-tom-yan-lee-w-edit.json	1478	5	1	0	0	0	0	0	0	5	0	0	0	0	0	0	0	0	0	0	21	34	0	0	0	0	0	0	0
fsh-generated/resources/RelatedPerson-relatedperson-father-natural-tom-yan-lee.json	1025	5	1	0	0	0	0	0	0	8	0	0	0	0	0	0	0	0	0	0	17	30	0	0	0	0	0	0	0
fsh-generated/resources/RelatedPerson-relatedperson-mother-carmen-teresa-lee.json	829	4	0	0	0	0	0	0	0	14	0	0	0	0	0	0	0	0	0	0	19	25	0	0	0	0	0	0	0
fsh-generated/resources/RelatedPerson-relatedperson-mother-jada-ann-quinn.json	1552	6	1	0	0	0	0	0	0	14	0	0	0	0	0	0	0	0	0	0	20	33	0	0	0	0	0	0	0
fsh-generated/resources/StructureDefinition-Bundle-document-birth-report.json	4076	12	0	0	0	0	0	3578	0	705	0	0	0	2432	0	0	0	2	0	0	593	7353	0	0	5	0	37	3	7
fsh-generated/resources/StructureDefinition-Bundle-document-coded-cause-of-fetal-death.json	4199	11	1	0	0	0	0	543	0	530	0	0	0	0	0	0	0	2	0	0	535	2353	0	0	0	0	34	0	6
fsh-generated/resources/StructureDefinition-Bundle-document-demographic-coded-content.json	4377	9	1	0	0	0	0	509	0	516	0	0	1	0	0	0	0	4	0	0	557	2178	0	0	0	0	31	1	4
fsh-generated/resources/StructureDefinition-Bundle-document-fetal-death-report.json	4104	9	0	0	0	0	0	1070	1	654	0	0	0	0	0	0	0	3	0	0	548	2667	0	0	0	0	29	0	3
fsh-generated/resources/StructureDefinition-Composition-coded-cause-of-fetal-death.json	4681	10	0	0	0	0	0	591	0	397	0	0	0	0	0	0	0	2	0	0	552	1893	0	0	0	0	23	2	3
fsh-generated/resources/StructureDefinition-Composition-coded-race-and-ethnicity.json	7728	14	0	0	0	0	0	480	0	479	0	0	0	0	0	0	0	1	0	0	684	2263	0	0	1	0	30	1	5
fsh-generated/resources/StructureDefinition-Composition-jurisdiction-fetal-death-report.json	33199	55	2	0	0	0	0	696	2	577	0	0	0	0	0	0	0	3	0	0	1856	2488	0	0	4	0	130	1	11
fsh-generated/resources/StructureDefinition-Composition-jurisdiction-live-birth-report.json	41380	79	0	0	0	0	0	745	1	802	0	0	1	0	0	0	0	3	0	0	1822	2787	0	0	3	1	178	2	12
fsh-generated/resources/StructureDefinition-Composition-provider-fetal-death-report.json	34915	66	0	0	0	0	0	968	1	799	0	0	0	0	0	0	0	2	0	0	1812	2523	0	0	0	0	53	2	10
fsh-generated/resources/StructureDefinition-Composition-provider-live-birth-report.json	42854	68	0	0	0	0	0	1122	1	1138	0	0	0	0	0	0	0	4	0	0	1928	3024	0	0	1	0	106	1	3
fsh-generated/resources/StructureDefinition-Condition-chorioamnionitis.json	2341	6	1	0	0	0	0	197	0	200	0	0	0	0	0	0	0	1	0	0	297	1441	0	0	0	0	10	1	1
fsh-generated/resources/StructureDefinition-Condition-congenital-anomaly-of-newborn.json	4612	8	0	0	0	0	0	219	0	305	0	0	1	0	0	0	0	0	0	0	379	1201	1	0	0	0	12	1	1
fsh-generated/resources/StructureDefinition-Condition-eclampsia-hypertension.json	2190	6	0	0	0	0	0	183	0	197	0	0	0	0	0	0	0	1	0	0	318	772	0	0	0	0	14	0	1
fsh-generated/resources/StructureDefinition-Condition-fetal-death-cause-or-condition.json	2824	6	0	0	0	0	0	195	0	270	0	0	0	0	0	0	0	1	0	0	345	1486	0	0	0	0	21	0	1
fsh-generated/resources/StructureDefinition-Condition-fetal-death-other-cause-or-condition.json	3044	6	0	0	0	0	0	168	0	355	0	0	0	0	0	0	0	1	0	0	312	856	0	0	0	0	9	1	0
fsh-generated/resources/StructureDefinition-Condition-gestational-diabetes.json	2200	6	0	0	0	0	0	220	0	338	0	0	0	0	0	0	0	1	0	0	274	1149	0	0	0	0	7	0	1
fsh-generated/resources/StructureDefinition-Condition-gestational-hypertension.json	2221	9	1	0	0	0	0	381	0	192	0	0	0	0	0	0	0	2	0	0	271	802	0	0	0	0	14	0	0
fsh-generated/resources/StructureDefinition-Condition-infection-present-during-pregnancy.json	2937	9	0	0	0	0	0	200	0	217	0	0	0	0	0	0	0	5	0	0	286	1073	0	0	0	0	16	0	1
fsh-generated/resources/StructureDefinition-Condition-perineal-laceration.json	2329	9	0	0	0	0	0	174	0	210	0	0	0	0	0	0	0	2	0	0	284	714	0	0	0	0	11	1	1
fsh-generated/resources/StructureDefinition-Condition-prepregnancy-diabetes.json	2193	9	0	0	0	0	0	186	0	292	0	0	0	0	0	0	0	2	0	0	302	1246	0	0	0	0	7	0	0
fsh-generated/resources/StructureDefinition-Condition-prepregnancy-hypertension.json	2236	8	0	0	0	0	0	211	0	219	0	0	0	0	0	0	0	2	0	0	351	863	0	0	0	0	19	0	1
fsh-generated/resources/StructureDefinition-Condition-ruptured-uterus.json	2286	9	0	0	0	0	0	227	0	228	0	0	0	0	0	0	0	2	0	0	313	774	0	0	0	1	13	0	0
fsh-generated/resources/StructureDefinition-Condition-seizure.json	2277	8	0	0	0	0	0	236	0	354	0	0	0	0	0	0	0	1	0	0	411	796	0	0	0	0	13	1	0
fsh-generated/resources/StructureDefinition-Coverage-principal-payer-delivery.json	1615	7	1	0	0	0	0	277	0	299	0	0	1	1	0	0	0	2	0	0	367	1814	0	0	0	0	14	1	1
fsh-generated/resources/StructureDefinition-Encounter-birth.json	9219	24	0	0	0	0	0	542	0	794	0	0	0	0	0	0	0	4	0	0	695	2854	0	0	1	0	31	2	1
fsh-generated/resources/StructureDefinition-Encounter-maternity.json	8085	23	0	0	0	0	0	449	1	614	0	0	0	0	0	0	0	3	0	0	716	3091	0	0	0	0	36	1	2
fsh-generated/resources/StructureDefinition-Extension-encounter-maternity-reference.json	1564	6	1	0	0	0	0	32	0	63	0	0	0	0	0	0	0	0	0	0	101	424	0	0	0	0	4	0	0
fsh-generated/resources/StructureDefinition-Location-bfdr.json	4647	19	1	0	0	0	0	342	0	525	0	0	0	0	0	0	0	3	0	0	567	1824	0	0	0	1	10	1	0
fsh-generated/resources/StructureDefinition-Observation-None-congenital-anomolies-of-the-newborn.json	1902	8	2	0	0	0	0	405	0	269	0	0	0	0	0	0	0	2	0	0	542	2234	0	0	0	0	18	1	1
fsh-generated/resources/StructureDefinition-Observation-antibiotics-administered-during-labor.json	2240	10	0	0	0	0	0	358	0	260	0	0	0	0	0	0	0	1	0	0	508	1939	0	0	0	0	18	1	3
fsh-generated/resources/StructureDefinition-Observation-apgar-score.json	1546	6	0	0	0	0	0	476	0	183	0	0	0	0	0	0	0	1	0	0	363	1143	0	0	0	0	21	0	0
fsh-generated/resources/StructureDefinition-Observation-autopsy-histological-exam-results-used.json	2119	7	0	0	0	0	0	263	0	291	0	0	0	0	0	0	0	1	0	0	488	1234	0	0	0	0	16	1	1
fsh-generated/resources/StructureDefinition-Observation-birth-plurality-of-pregnancy.json	1795	7	1	0	0	0	0	332	0	173	0	0	0	1	0	0	0	1	0	0	419	1881	0	0	0	0	16	0	2
fsh-generated/resources/StructureDefinition-Observation-birth-weight.json	3294	11	0	0	0	0	0	327	0	210	0	0	1	0	0	0	0	1	0	0	670	2226	0	0	0	0	14	1	4
fsh-generated/resources/StructureDefinition-Observation-cigarette-smoking-before-during-pregnancy.json	2509	10	0	0	0	0	0	282	0	159	0	0	0	0	0	0	0	1	0	0	500	1862	0	0	0	0	12	0	4
fsh-generated/resources/StructureDefinition-Observation-coded-initiating-fetal-death-cause-or-condition.json	3069	9	0	0	0	0	0	316	0	173	0	0	0	0	0	0	0	1	0	0	464	1587	0	0	0	0	12	1	3
fsh-generated/resources/StructureDefinition-Observation-coded-other-fetal-death-cause-or-condition.json	4088	12	0	0	0	0	0	502	0	207	0	0	0	0	0	0	0	2	0	0	608	2473	0	0	0	0	9	0	1
fsh-generated/resources/StructureDefinition-Observation-date-of-first-prenatal-care-visit.json	2421	9	0	0	0	0	0	299	0	199	0	0	0	0	0	0	0	1	0	0	400	2220	0	0	1	0	7	0	3
fsh-generated/resources/StructureDefinition-Observation-date-of-last-live-birth.json	1648	7	1	0	0	0	0	292	0	186	0	0	0	0	0	0	0	1	0	0	390	1179	0	0	0	0	6	0	8
fsh-generated/resources/StructureDefinition-Observation-date-of-last-other-pregnancy-outcome.json	1840	76	1	0	0	0	0	305	1	221	0	0	0	0	0	0	0	1	0	0	424	1460	0	0	0	0	7	1	1
fsh-generated/resources/StructureDefinition-Observation-fetal-death-time-point.json	2480	9	0	0	0	0	0	309	0	145	0	0	0	0	0	0	0	1	0	0	395	1032	0	0	0	1	6	0	0
fsh-generated/resources/StructureDefinition-Observation-fetal-presentation.json	3533	12	1	0	0	0	0	323	0	162	0	0	0	0	0	0	0	0	0	0	416	934	0	0	0	0	6	0	1
fsh-generated/resources/StructureDefinition-Observation-fetal-remains-disposition-method.json	1991	12	0	0	0	0	0	456	0	210	0	0	0	0	0	0	0	1	0	0	430	913	0	0	0	0	6	0	0
fsh-generated/resources/StructureDefinition-Observation-gestational-age-at-delivery.json	3363	11	1	0	0	0	0	317	0	203	0	0	1	0	0	0	0	1	0	0	918	1216	0	0	0	0	9	1	1
fsh-generated/resources/StructureDefinition-Observation-histological-placental-exam-performed.json	2099	8	1	0	0	0	0	262	0	166	0	0	0	0	0	0	0	2	0	0	465	1442	0	0	0	0	6	0	7
fsh-generated/resources/StructureDefinition-Observation-icu-admission.json	1810	9	1	0	0	0	0	292	0	203	0	0	0	0	0	0	0	2	0	0	484	1065	0	0	0	0	7	0	3
fsh-generated/resources/StructureDefinition-Observation-infant-breastfed-at-discharge.json	1730	9	0	0	0	0	0	296	0	189	0	0	0	0	0	0	0	2	0	0	398	880	0	0	0	0	6	0	2
fsh-generated/resources/StructureDefinition-Observation-infant-living.json	1535	15	1	0	0	0	0	290	0	354	0	0	0	0	0	0	0	1	0	0	393	597	0	0	0	0	6	0	4
fsh-generated/resources/StructureDefinition-Observation-labor-trial-attempted.json	2201	16	0	0	0	0	0	314	0	149	0	0	0	0	0	0	0	4	0	0	423	749	0	0	0	0	6	1	4
fsh-generated/resources/StructureDefinition-Observation-last-menstrual-period.json	2258	11	1	0	0	0	0	183	0	147	0	0	1	0	0	0	0	3	0	0	516	726	0	0	0	0	6	0	2
fsh-generated/resources/StructureDefinition-Observation-mother-delivery-weight.json	3408	8	0	0	0	0	0	317	0	196	0	0	0	0	0	0	0	2	0	0	533	922	0	0	0	0	7	0	6
fsh-generated/resources/StructureDefinition-Observation-mother-height.json	2542	8	1	0	0	0	0	354	0	197	0	0	0	0	0	0	0	2	0	0	590	1555	0	0	0	0	8	1	5
fsh-generated/resources/StructureDefinition-Observation-mother-married-during-pregnancy.json	2063	8	1	0	0	0	0	313	0	164	0	0	0	0	0	0	0	1	0	0	403	875	0	0	0	0	6	1	3
fsh-generated/resources/StructureDefinition-Observation-mother-prepregnancy-weight.json	3110	9	0	0	0	0	0	359	0	186	0	0	2	1	0	0	0	1	0	0	447	992	0	0	0	0	6	0	2
fsh-generated/resources/StructureDefinition-Observation-mother-received-wic-food.json	2423	8	0	0	0	0	0	362	0	146	0	0	2	0	0	0	0	1	0	0	471	1215	0	0	0	0	5	0	2
fsh-generated/resources/StructureDefinition-Observation-nicu-admission.json	1850	9	1	0	0	0	0	276	0	149	0	0	1	0	0	0	0	1	0	0	433	1407	0	0	0	1	9	0	0
fsh-generated/resources/StructureDefinition-Observation-no-infections-present-during-pregnancy.json	1919	8	0	0	0	0	0	278	0	253	0	0	2	0	0	0	0	1	0	0	485	1095	0	0	0	0	7	1	1
fsh-generated/resources/StructureDefinition-Observation-none-of-specified-abnormal-conditions-of-newborn.json	1907	9	0	0	0	0	0	307	0	258	0	0	0	0	0	0	0	1	0	0	433	1011	0	0	0	0	6	0	1
fsh-generated/resources/StructureDefinition-Observation-none-of-specified-characteristics-labor-delivery.json	1927	7	1	0	0	0	0	321	0	146	0	0	1	0	0	0	0	1	0	0	412	935	0	0	0	0	7	0	0
fsh-generated/resources/StructureDefinition-Observation-none-of-specified-maternal-morbidities.json	1840	6	0	0	0	0	0	354	0	147	0	0	0	0	0	0	0	0	0	0	423	953	0	0	0	0	7	0	2
fsh-generated/resources/StructureDefinition-Observation-none-of-specified-obstetric-procedures.json	1852	6	0	0	0	0	0	377	0	149	0	0	1	0	0	0	0	1	0	0	610	1115	0	0	0	0	5	0	4
fsh-generated/resources/StructureDefinition-Observation-none-of-specified-pregnancy-risk-factors.json	1902	7	1	0	0	0	0	500	0	139	0	0	0	0	0	0	0	1	0	0	584	993	0	0	0	0	5	0	1
fsh-generated/resources/StructureDefinition-Observation-number-births-now-dead.json	1516	6	0	0	0	0	0	281	0	152	0	0	1	0	0	0	0	1	0	0	488	750	0	0	0	0	6	1	3
fsh-generated/resources/StructureDefinition-Observation-number-births-now-living.json	1518	6	0	0	0	0	0	268	0	143	0	0	0	0	0	0	0	1	0	0	441	761	0	0	0	0	11	0	2
fsh-generated/resources/StructureDefinition-Observation-number-fetal-deaths-this-delivery.json	1544	6	0	0	0	0	0	296	0	138	0	0	1	0	0	0	0	1	0	0	466	858	0	0	0	0	8	0	3
fsh-generated/resources/StructureDefinition-Observation-number-live-births-this-delivery.json	1546	6	0	0	0	0	0	260	0	139	0	0	0	0	0	0	0	1	0	0	407	1333	0	0	0	1	18	1	7
fsh-generated/resources/StructureDefinition-Observation-number-other-pregnancy-outcomes.json	1692	6	0	0	0	0	0	342	0	139	0	0	1	0	0	0	0	1	0	0	420	834	0	0	0	0	6	0	6
fsh-generated/resources/StructureDefinition-Observation-number-prenatal-visits.json	3037	9	0	0	0	0	0	372	0	165	0	0	1	0	0	0	0	1	0	0	429	760	0	0	1	0	13	0	7
fsh-generated/resources/StructureDefinition-Observation-number-previous-cesareans.json	2433	8	1	0	0	0	0	332	0	168	0	0	0	0	0	0	0	1	0	0	419	1286	0	0	0	0	7	0	6
fsh-generated/resources/StructureDefinition-Observation-paternity-acknowledgement-signed.json	2440	7	0	0	0	0	0	572	0	308	0	0	0	0	0	0	0	1	0	0	408	1930	0	0	0	0	5	0	4
fsh-generated/resources/StructureDefinition-Observation-planned-to-deliver-at-home.json	2173	12	0	0	0	0	0	290	0	312	0	0	1	0	0	0	0	1	0	0	467	1404	0	0	0	0	6	1	3
fsh-generated/resources/StructureDefinition-Observation-previous-cesarean.json	1793	12	0	0	0	0	0	288	0	329	0	0	2	0	0	0	0	0	0	0	421	704	0	0	0	0	6	0	3
fsh-generated/resources/StructureDefinition-Observation-previous-preterm-birth.json	1838	15	0	0	0	0	0	262	0	271	0	0	2	0	0	0	0	1	0	0	410	1046	0	0	0	0	5	0	3
fsh-generated/resources/StructureDefinition-Observation-ssn-requested-for-child.json	2120	14	1	0	0	0	0	372	0	150	0	0	0	0	0	0	0	1	0	0	412	1401	0	0	0	0	5	0	2
fsh-generated/resources/StructureDefinition-Observation-steroids-fetal-lung-maturation.json	1957	8	0	0	0	0	0	306	0	145	0	0	0	0	0	0	0	1	0	0	444	1786	0	0	0	0	6	0	3
fsh-generated/resources/StructureDefinition-Observation-unknown-final-route-and-method-of-delivery.json	2019	8	0	0	0	0	0	451	0	139	0	0	1	0	0	0	0	0	0	0	481	1526	0	0	0	0	7	0	2
fsh-generated/resources/StructureDefinition-Patient-decedent-fetus.json	6746	24	0	0	0	0	0	984	1	515	0	0	5	0	0	0	0	3	0	0	1245	3798	0	0	0	0	15	5	6
fsh-generated/resources/StructureDefinition-Practitioner-birth-attendant.json	3100	10	0	0	0	0	0	364	0	172	0	0	2	0	0	0	0	1	0	0	568	1288	0	0	0	0	7	2	2
fsh-generated/resources/StructureDefinition-Practitioner-birth-certifier.json	3039	11	0	0	0	0	0	387	0	167	0	0	1	0	0	0	0	0	0	0	627	1142	0	0	0	0	5	0	2
fsh-generated/resources/StructureDefinition-Procedure-antibiotic-suspected-neonatal-sepsis.json	1789	6	1	0	0	0	0	395	0	99	0	0	1	0	0	0	0	1	0	0	389	879	0	0	0	0	4	2	0
fsh-generated/resources/StructureDefinition-Procedure-artificial-insemination.json	1728	6	0	0	0	0	0	230	0	101	0	0	0	1	0	0	0	1	0	0	428	634	0	0	0	0	4	0	1
fsh-generated/resources/StructureDefinition-Procedure-assisted-fertilization.json	1722	8	0	0	0	0	0	189	0	100	0	0	1	0	0	0	0	0	0	0	358	472	0	0	0	0	3	0	0
fsh-generated/resources/StructureDefinition-Procedure-assisted-ventilation-following-delivery.json	1877	5	0	0	0	0	0	184	0	113	0	0	0	0	0	0	0	1	0	0	330	782	0	0	0	0	4	0	2
fsh-generated/resources/StructureDefinition-Procedure-assisted-ventilation-more-than-six-hours.json	1860	7	0	0	0	0	0	183	0	105	0	0	0	0	0	0	0	0	0	0	493	483	0	0	0	0	3	0	0
fsh-generated/resources/StructureDefinition-Procedure-augmentation-of-labor.json	1687	6	0	0	0	0	0	235	0	101	0	0	0	0	0	0	0	1	0	0	364	830	0	0	0	0	4	1	1
fsh-generated/resources/StructureDefinition-Procedure-blood-transfusion.json	1653	7	1	0	0	0	0	225	0	101	0	0	1	0	0	0	0	0	0	0	324	854	0	0	0	0	4	0	1
fsh-generated/resources/StructureDefinition-Procedure-epidural-or-spinal-anesthesia.json	1723	8	0	0	0	0	0	226	0	101	0	0	0	0	0	0	0	1	0	0	322	995	0	0	0	0	3	0	0
fsh-generated/resources/StructureDefinition-Procedure-final-route-method-delivery.json	2198	6	1	0	0	0	0	243	0	119	0	0	0	0	0	0	0	1	0	0	308	1036	0	0	0	0	4	0	1
fsh-generated/resources/StructureDefinition-Procedure-induction-of-labor.json	1669	7	0	0	0	0	0	357	0	210	0	0	0	0	0	0	0	0	0	0	309	857	0	0	0	1	3	1	1
fsh-generated/resources/StructureDefinition-Procedure-infertility-treatment.json	1734	6	0	0	0	0	0	129	0	109	0	0	0	0	0	0	0	1	0	0	322	1103	0	0	0	0	3	0	1
fsh-generated/resources/StructureDefinition-Procedure-obstetric.json	2232	9	0	0	0	0	0	121	0	106	0	0	0	0	0	0	0	0	0	0	290	928	0	0	0	0	4	0	7
fsh-generated/resources/StructureDefinition-Procedure-surfactant-replacement-therapy.json	1745	6	0	0	0	0	0	179	0	101	0	0	0	0	0	0	0	1	0	0	277	1353	0	0	0	0	4	0	3
fsh-generated/resources/StructureDefinition-Procedure-unplanned-hysterectomy.json	1679	5	0	0	0	0	0	213	0	105	0	0	1	0	0	0	0	0	0	0	322	898	0	0	0	0	5	0	2
fsh-generated/resources/StructureDefinition-practitioner-role-birth-attendant.json	1462	7	0	0	0	0	0	45	0	16	0	0	0	0	0	0	0	0	0	0	81	470	0	0	0	0	1	1	1
fsh-generated/resources/StructureDefinition-practitioner-role-birth-certifier.json	1450	7	1	0	0	0	0	53	0	15	0	0	0	0	0	0	0	0	0	0	64	169	0	0	0	0	0	0	0
fsh-generated/resources/ValueSet-ValueSet-apgar-timing.json	1765	5	0	0	0	0	0	0	0	93	0	0	0	0	0	0	0	0	0	0	24	8294	0	0	0	0	3	0	0
fsh-generated/resources/ValueSet-ValueSet-birth-and-fetal-death-financial-class.json	1675	7	0	0	0	0	0	0	1	10	0	0	0	0	0	0	0	0	0	0	22	342	0	0	0	0	1	0	0
fsh-generated/resources/ValueSet-ValueSet-birth-attendant-titles.json	1639	9	0	0	0	0	0	0	0	7	0	0	0	0	0	0	0	0	0	0	31	384	0	0	0	0	0	0	0
fsh-generated/resources/ValueSet-ValueSet-birth-delivery-occurred.json	2027	10	2	0	0	0	0	0	0	7	0	0	0	0	0	0	0	0	0	0	41	347	0	0	0	0	0	0	0
fsh-generated/resources/ValueSet-ValueSet-birth-weight-edit-flags.json	1196	5	0	0	0	0	0	0	0	6	0	0	0	0	0	0	0	0	0	0	29	317	0	0	0	0	1	0	0
fsh-generated/resources/ValueSet-ValueSet-delivery-routes.json	1360	5	0	0	0	0	0	0	1	4	0	0	0	0	0	0	0	0	0	0	32	324	0	0	0	0	0	0	0
fsh-generated/resources/ValueSet-ValueSet-estimate-of-gestation-edit-flags.json	1092	5	0	0	0	0	0	0	0	5	0	0	0	0	0	0	0	0	0	0	23	353	0	0	0	0	0	0	0
fsh-generated/resources/ValueSet-ValueSet-fetal-death-cause-or-condition.json	2900	9	1	0	0	0	0	0	0	8	0	0	0	0	0	0	0	0	0	0	32	869	0	0	0	0	0	0	0
fsh-generated/resources/ValueSet-ValueSet-fetal-death-time-points.json	1546	7	0	0	0	0	0	0	0	6	0	0	0	0	0	0	0	0	0	0	33	299	0	0	0	0	0	0	0
fsh-generated/resources/ValueSet-ValueSet-fetal-presentations-max.json	1207	6	0	0	0	0	0	0	0	5	0	0	0	0	0	0	0	0	0	0	21	321	0	0	0	1	1	0	0
fsh-generated/resources/ValueSet-ValueSet-fetal-presentations.json	1488	6	0	0	0	0	0	0	0	6	0	0	0	0	0	0	0	0	0	0	40	323	0	0	0	0	0	0	0
fsh-generated/resources/ValueSet-ValueSet-fetal-remains-disposition-method.json	1954	7	0	0	0	0	0	0	0	6	0	0	0	0	0	0	0	0	0	0	41	379	1	0	0	0	0	0	0
fsh-generated/resources/ValueSet-ValueSet-histological-placental-examination.json	1286	5	1	0	0	0	0	0	0	4	0	0	0	0	0	0	0	0	0	0	21	314	0	0	0	0	0	0	0
fsh-generated/resources/ValueSet-ValueSet-infections-during-pregnancy-live-birth.json	1967	5	0	0	0	0	0	0	1	7	0	0	0	0	0	0	0	0	0	0	34	341	0	0	0	0	0	0	0
fsh-generated/resources/ValueSet-ValueSet-informant-relationship-to-mother.json	1238	8	0	0	0	0	0	0	0	5	0	0	0	0	0	0	0	0	0	0	28	345	0	0	0	0	1	0	0
fsh-generated/resources/ValueSet-ValueSet-location-types.json	841	6	1	0	0	0	0	0	0	5	0	0	0	0	0	0	0	0	0	0	22	340	0	0	0	0	0	0	0
fsh-generated/resources/ValueSet-ValueSet-newborn-congenital-anomalies.json	2635	9	0	0	0	0	0	0	0	7	0	0	0	0	0	0	0	0	0	0	50	370	0	0	0	0	0	0	0
fsh-generated/resources/ValueSet-ValueSet-number-previous-cesareans-edit-flags.json	1121	4	0	0	0	0	0	0	0	5	0	0	0	0	0	0	0	0	0	0	25	301	0	0	1	0	0	0	0
fsh-generated/resources/ValueSet-ValueSet-obstetric-procedure-outcome.json	1079	5	0	0	0	0	0	0	1	4	0	0	0	0	0	0	0	0	0	0	17	314	0	0	0	0	1	0	0
fsh-generated/resources/ValueSet-ValueSet-pregnancy-report-edit-flags.json	1155	5	0	0	0	0	0	0	0	5	0	0	0	0	0	0	0	0	0	0	20	299	0	0	0	0	0	0	0
fsh-generated/resources/ValueSet-ValueSet-units-of-gestational-age.json	948	5	10	0	0	0	0	0	0	7	0	0	0	0	0	0	0	0	0	0	20	391	0	0	0	0	0	0	0
fsh-generated/resources/ValueSet-cigarette-smoking-before-during-pregnancy.json	1604	5	1	0	0	0	0	0	0	5	0	0	0	0	0	0	0	0	0	0	20	331	0	0	0	0	0	0	0
